{
  "regression": {
    "MAE": 17.193121529487435,
    "RMSE": 28.53911912175783,
    "CV_MAE": 17.702356127265066,
    "R2_test": 0.9175650562645006,
    "R2_train": 0.9876157610436844
  }
}